cierre_id,instalacion_id,rut,fecha_cierre,fecha_reapertura
0,35,23748548-3,2010-01-02 16:58:28,2010-01-17 03:55:58
1,161,27143992-k,2010-01-05 01:20:29,2010-01-19 13:01:34
2,93,82833215-5,2010-01-08 22:42:07,2010-01-19 23:15:19
3,172,12348490-8,2010-01-19 20:43:52,2010-02-03 10:33:52
4,97,87544765-3,2010-01-24 16:04:34,2010-02-04 20:07:53
5,176,77484278-0,2010-01-29 05:59:51,2010-02-06 15:54:08
6,160,23298314-0,2010-01-29 22:52:04,2010-02-05 05:26:47
7,110,29637564-0,2010-01-31 12:52:54,2010-02-12 20:18:02
8,26,43922451-7,2010-02-11 05:07:10,2010-02-25 05:13:46
9,66,95932617-7,2010-02-14 16:54:07,2010-02-24 19:38:11
10,8,35480818-8,2010-02-17 15:41:54,2010-03-01 03:22:06
11,108,63824003-3,2010-02-17 17:07:24,2010-02-22 06:20:11
12,41,38470405-0,2010-02-19 23:24:50,2010-03-01 10:57:43
13,166,84593882-2,2010-02-23 13:23:30,2010-03-02 19:12:36
14,155,81207716-3,2010-02-23 22:06:50,2010-03-09 02:11:05
15,1,39038168-9,2010-02-24 02:12:15,2010-03-01 02:49:22
16,108,51853396-7,2010-02-28 13:06:13,2010-03-08 00:32:50
17,56,77941465-5,2010-03-06 13:03:18,2010-03-21 02:39:53
18,54,79348268-k,2010-03-10 10:03:39,2010-03-24 00:51:12
19,117,38717290-4,2010-03-20 14:07:18,2010-04-02 23:46:59
20,147,16836029-0,2010-03-21 00:38:33,2010-04-04 04:35:11
21,183,34776869-3,2010-03-28 04:27:27,2010-04-07 15:58:53
22,147,16836029-0,2010-04-04 15:24:21,2010-04-12 02:21:46
23,111,45644100-9,2010-04-06 07:49:17,2010-04-15 22:21:02
24,177,24129722-5,2010-04-12 05:14:46,2010-04-17 12:34:49
25,110,29637564-0,2010-04-13 01:07:21,2010-04-23 05:27:10
26,102,34643031-1,2010-04-16 01:14:24,2010-04-28 02:11:09
27,76,10537138-1,2010-04-18 03:22:05,2010-04-28 12:43:04
28,12,69265725-k,2010-04-21 03:02:20,2010-05-03 16:46:21
29,214,19706256-8,2010-05-05 20:34:11,2010-05-17 01:51:48
30,90,24878659-0,2010-05-10 13:07:11,2010-05-18 16:55:52
31,193,66899113-0,2010-05-13 06:54:39,2010-05-21 13:11:37
32,214,63459997-5,2010-05-15 02:41:35,2010-05-25 11:16:36
33,152,69691126-6,2010-05-18 05:59:08,2010-05-23 21:54:54
34,74,72309503-4,2010-05-20 12:24:07,2010-06-04 01:52:53
35,3,33078552-7,2010-05-28 18:20:46,2010-06-05 07:29:39
36,184,45717384-9,2010-06-01 20:44:14,2010-06-10 20:46:07
37,153,38631846-8,2010-06-02 05:06:45,2010-06-09 14:38:50
38,210,83386046-1,2010-06-08 03:32:37,2010-06-20 07:36:48
39,6,95541819-0,2010-06-09 06:00:13,2010-06-15 07:18:36
40,15,67710168-7,2010-06-17 00:03:32,2010-06-28 03:33:01
41,184,52158784-9,2010-06-19 08:27:08,2010-06-25 17:23:59
42,176,77484278-0,2010-06-26 11:24:50,2010-07-08 11:36:53
43,67,11636170-1,2010-06-30 07:15:56,2010-07-06 18:46:25
44,50,62550748-0,2010-07-20 19:56:31,2010-07-24 08:31:30
45,24,69141385-3,2010-07-21 14:36:25,2010-07-25 01:42:59
46,9,70106627-8,2010-07-22 06:07:05,2010-07-30 22:34:42
47,116,65346159-3,2010-07-25 05:17:24,2010-07-29 09:16:51
48,21,56093204-9,2010-07-28 02:07:21,2010-08-03 05:40:41
49,40,22001298-0,2010-08-03 11:34:37,2010-08-13 21:56:24
50,146,50511840-5,2010-08-05 23:46:53,2010-08-20 05:28:36
51,54,48925896-k,2010-08-08 22:59:48,2010-08-14 07:18:36
52,207,35785969-7,2010-08-13 19:22:31,2010-08-23 19:53:44
53,117,89751595-4,2010-08-25 00:28:23,2010-09-06 13:44:50
54,200,35662780-6,2010-09-08 22:07:44,2010-09-17 06:18:08
55,135,48269008-4,2010-09-15 05:17:07,2010-09-24 15:33:46
56,33,56292778-6,2010-09-15 22:40:35,2010-09-21 04:18:09
57,82,64268937-1,2010-09-18 20:13:54,2010-09-24 09:19:02
58,0,75295314-7,2010-09-23 20:03:35,2010-10-05 21:19:35
59,94,41361801-0,2010-09-24 11:39:42,2010-10-07 13:08:07
60,103,95667888-9,2010-09-26 08:35:20,2010-10-09 23:48:50
61,64,48007583-8,2010-09-27 07:42:11,2010-10-05 14:24:39
62,16,86164302-6,2010-09-27 21:48:09,2010-10-06 23:02:14
63,164,75397524-1,2010-10-08 13:13:34,2010-10-19 05:52:28
64,21,35340502-0,2010-10-14 10:10:33,2010-10-22 16:06:43
65,196,22060310-5,2010-10-23 01:43:45,2010-11-04 09:35:47
66,113,94888169-1,2010-10-31 11:13:35,2010-11-04 13:49:15
67,14,85297873-2,2010-11-05 09:08:47,2010-11-14 22:27:07
68,153,47326835-3,2010-11-12 06:17:38,2010-11-24 07:40:19
69,62,76849115-1,2010-11-27 16:40:48,2010-12-08 00:53:06
70,210,33802463-0,2010-11-28 01:50:58,2010-12-10 10:32:38
71,109,40503382-8,2010-11-29 20:27:07,2010-12-10 10:12:28
72,182,81234956-2,2010-12-03 21:24:38,2010-12-12 09:57:40
73,8,87631642-0,2010-12-05 13:56:56,2010-12-14 02:00:38
74,103,11784418-8,2010-12-09 02:06:38,2010-12-20 08:03:26
75,10,28060713-4,2010-12-13 14:04:26,2010-12-18 05:12:06
76,201,86683089-4,2010-12-13 15:37:33,2010-12-25 04:30:27
77,74,42300579-3,2010-12-17 22:42:27,2010-12-23 02:01:37
78,91,74415365-4,2010-12-27 21:18:37,2011-01-10 08:49:35
79,209,26257768-6,2010-12-29 17:57:35,2011-01-08 20:02:49
80,148,89671041-9,2011-01-01 06:44:13,2011-01-13 16:35:44
81,105,63382431-2,2011-01-20 14:29:52,2011-01-26 15:13:17
82,34,83905334-7,2011-01-22 03:12:51,2011-02-05 03:51:32
83,138,21201270-k,2011-01-23 22:45:51,2011-01-31 11:30:07
84,48,37285914-8,2011-01-24 23:18:26,2011-02-02 05:16:51
85,80,97343582-5,2011-01-25 06:21:52,2011-02-05 14:30:31
86,76,10537138-1,2011-01-30 21:28:28,2011-02-07 08:20:17
87,62,36600416-5,2011-01-31 20:22:55,2011-02-09 01:58:02
88,151,96863860-2,2011-02-02 01:42:53,2011-02-15 15:08:32
89,170,51193594-6,2011-02-07 18:55:40,2011-02-20 08:13:15
90,32,99233768-0,2011-02-08 16:17:18,2011-02-13 19:32:41
91,71,81698647-8,2011-02-09 01:43:59,2011-02-14 10:24:43
92,108,48459253-5,2011-02-13 21:06:15,2011-02-17 01:05:39
93,209,45467235-6,2011-02-18 10:38:53,2011-02-22 18:32:34
94,160,51317447-0,2011-02-21 21:38:23,2011-03-06 12:01:30
95,22,63974341-1,2011-02-23 03:02:22,2011-02-26 14:21:07
96,52,61993529-2,2011-02-25 08:10:50,2011-03-01 00:16:31
97,21,74759859-2,2011-03-07 06:01:45,2011-03-20 12:44:22
98,114,89793517-1,2011-03-07 10:32:36,2011-03-18 00:38:20
99,38,73222374-6,2011-03-10 06:01:15,2011-03-15 12:18:55
100,31,90471139-k,2011-03-19 08:20:07,2011-04-03 00:13:42
101,185,86555166-5,2011-03-24 10:06:38,2011-03-30 17:27:26
102,57,76081261-7,2011-03-25 11:46:32,2011-04-01 19:47:43
103,142,15591154-9,2011-03-30 09:04:22,2011-04-09 13:41:19
104,190,28273728-0,2011-03-31 14:40:26,2011-04-07 14:53:32
105,176,72810804-5,2011-04-03 11:30:19,2011-04-13 20:55:50
106,97,60926655-4,2011-04-05 09:50:39,2011-04-19 11:36:36
107,132,54363208-2,2011-04-07 03:07:09,2011-04-18 10:18:27
108,93,14982281-k,2011-04-09 02:06:42,2011-04-19 08:33:02
109,67,58038177-4,2011-04-18 06:24:21,2011-04-22 21:04:21
110,127,14343597-0,2011-04-19 21:54:39,2011-05-02 09:49:12
111,135,70624789-0,2011-04-29 19:02:02,2011-05-10 20:16:00
112,114,95403427-5,2011-05-02 12:23:42,2011-05-10 12:50:28
113,13,52176953-k,2011-05-14 08:41:02,2011-05-23 15:43:38
114,86,34414978-k,2011-05-19 01:24:48,2011-06-02 02:27:28
115,84,72429091-4,2011-05-19 04:05:01,2011-06-02 19:32:42
116,101,31706054-8,2011-05-23 20:15:34,2011-05-30 01:42:21
117,77,81600879-4,2011-05-28 03:31:18,2011-06-06 19:07:12
118,116,86367440-9,2011-06-01 16:42:14,2011-06-15 18:52:13
119,180,61514910-1,2011-06-16 19:20:46,2011-06-29 07:19:08
120,72,46012714-9,2011-06-17 19:01:16,2011-06-27 21:00:10
121,212,61774912-2,2011-06-19 09:33:21,2011-07-01 01:44:28
122,113,81401624-2,2011-06-23 13:43:04,2011-07-02 18:58:47
123,172,59959821-9,2011-06-25 09:42:00,2011-06-28 18:23:17
124,123,56229978-5,2011-07-07 22:03:41,2011-07-10 22:20:20
125,210,19735595-6,2011-07-11 02:27:53,2011-07-25 09:25:43
126,66,43953571-7,2011-07-13 22:37:33,2011-07-25 14:13:48
127,14,10544563-6,2011-07-16 00:49:01,2011-07-24 08:23:59
128,106,77520112-6,2011-07-20 07:56:09,2011-07-23 13:08:20
129,2,93840785-1,2011-07-26 06:38:35,2011-07-30 20:12:03
130,215,99075946-4,2011-07-28 07:38:39,2011-08-11 10:18:27
131,189,66361406-1,2011-08-05 07:27:58,2011-08-09 07:34:00
132,213,13370165-6,2011-08-12 16:33:49,2011-08-16 04:17:18
133,21,82376572-k,2011-08-14 15:58:33,2011-08-29 06:34:33
134,32,25750021-7,2011-08-19 03:13:29,2011-08-22 15:46:04
135,54,79348268-k,2011-08-23 06:30:26,2011-09-05 11:11:51
136,155,85384785-2,2011-08-26 16:40:54,2011-08-31 19:45:57
137,46,91888493-9,2011-08-28 07:26:29,2011-08-31 21:51:28
138,159,95185947-8,2011-08-30 18:12:08,2011-09-09 01:13:52
139,191,29415476-0,2011-08-31 07:38:29,2011-09-11 10:55:33
140,203,26196183-0,2011-09-01 00:18:48,2011-09-06 04:32:29
141,11,59260036-6,2011-09-05 16:18:37,2011-09-12 01:09:53
142,86,42113348-4,2011-09-07 21:23:26,2011-09-15 23:22:18
143,18,70638696-3,2011-09-08 17:14:32,2011-09-22 22:16:03
144,163,92554015-3,2011-09-12 00:41:48,2011-09-20 03:45:25
145,196,45355149-0,2011-09-20 00:24:05,2011-09-26 04:58:51
146,176,42678415-7,2011-09-22 20:16:46,2011-10-05 06:17:17
147,100,34996262-4,2011-09-29 12:20:29,2011-10-13 15:23:09
148,160,82319208-8,2011-10-09 01:44:14,2011-10-22 12:45:04
149,19,21759577-0,2011-10-09 02:29:22,2011-10-17 03:32:55
150,133,95226644-6,2011-10-11 09:27:17,2011-10-20 18:44:49
151,101,80885102-4,2011-10-16 17:57:22,2011-10-24 07:56:01
152,29,28231652-8,2011-11-01 18:57:59,2011-11-12 20:18:18
153,138,89512502-4,2011-11-03 14:19:40,2011-11-08 22:31:41
154,48,11554909-k,2011-11-10 07:24:18,2011-11-20 11:38:39
155,0,12842111-4,2011-11-10 12:49:16,2011-11-15 12:57:03
156,20,78918085-7,2011-11-12 19:17:17,2011-11-16 02:33:59
157,95,38235761-2,2011-11-14 07:08:12,2011-11-23 14:35:00
158,149,13690129-k,2011-11-25 08:04:44,2011-11-30 11:53:57
159,130,16636734-4,2011-11-28 13:26:20,2011-12-04 23:45:18
160,131,70582800-8,2011-12-02 18:57:07,2011-12-10 09:36:16
161,68,99294258-4,2011-12-04 04:03:51,2011-12-08 16:51:29
162,149,79695896-0,2011-12-06 12:32:45,2011-12-15 04:54:39
163,93,44372095-2,2011-12-08 03:42:36,2011-12-15 04:53:30
164,174,14292252-5,2011-12-14 00:35:11,2011-12-28 11:48:45
165,150,43654491-k,2011-12-15 03:12:51,2011-12-24 09:13:55
166,207,35785969-7,2011-12-22 11:09:53,2012-01-04 00:36:01
167,0,47981838-k,2011-12-27 00:26:02,2012-01-09 16:57:02
168,22,63974341-1,2011-12-29 06:38:21,2012-01-05 15:44:08
169,129,42538060-5,2012-01-05 12:05:00,2012-01-10 14:10:21
170,47,27183294-k,2012-01-09 04:34:41,2012-01-19 06:03:18
171,100,56474633-9,2012-01-09 17:12:40,2012-01-13 01:32:06
172,72,22637365-9,2012-01-11 08:30:45,2012-01-16 19:12:04
173,103,73026642-1,2012-01-12 04:16:30,2012-01-20 17:35:02
174,96,44770429-3,2012-01-13 12:47:13,2012-01-21 15:11:06
175,188,83584289-4,2012-01-15 02:56:01,2012-01-21 06:24:21
176,80,85301240-8,2012-01-16 20:13:04,2012-01-26 12:15:20
177,103,44715611-3,2012-01-23 00:43:47,2012-01-31 06:54:04
178,156,52778909-5,2012-01-27 05:38:53,2012-02-03 12:05:26
179,130,16636734-4,2012-01-30 15:11:55,2012-02-10 22:00:44
180,82,99466469-7,2012-02-06 10:45:47,2012-02-20 13:18:35
181,189,45347413-5,2012-02-11 12:35:30,2012-02-23 02:37:09
182,155,43161018-3,2012-03-03 06:52:38,2012-03-06 18:29:22
183,6,45453849-8,2012-03-03 13:11:39,2012-03-14 13:44:29
184,116,38072383-2,2012-03-08 04:05:06,2012-03-11 04:43:27
185,142,13592940-9,2012-03-10 20:15:40,2012-03-14 10:04:43
186,69,10119008-0,2012-03-15 10:26:10,2012-03-26 12:55:57
187,131,91461351-5,2012-04-02 13:53:01,2012-04-16 22:59:49
188,59,16792411-5,2012-04-05 06:58:45,2012-04-11 16:15:00
189,159,21332506-k,2012-04-14 21:06:00,2012-04-21 23:58:12
190,170,98642893-3,2012-04-21 05:10:58,2012-04-27 08:25:14
191,98,99837067-1,2012-04-25 16:55:05,2012-05-05 19:29:24
192,168,37142311-7,2012-04-26 23:14:48,2012-05-08 11:38:02
193,191,92253121-8,2012-04-30 14:56:28,2012-05-15 05:18:06
194,154,55106753-k,2012-05-01 13:59:49,2012-05-08 19:04:19
195,40,77210598-3,2012-05-05 09:45:09,2012-05-18 18:02:23
196,40,22001298-0,2012-05-07 14:22:31,2012-05-17 01:33:49
197,47,27183294-k,2012-05-16 21:59:46,2012-05-31 03:13:25
198,133,31113786-7,2012-05-20 02:22:57,2012-06-03 18:12:24
199,41,23686910-5,2012-05-22 04:16:25,2012-06-01 19:14:56
200,179,64269343-3,2012-05-25 04:04:30,2012-05-28 07:06:07
201,133,31113786-7,2012-06-01 19:01:50,2012-06-10 03:58:49
202,184,14046488-0,2012-06-01 23:46:13,2012-06-08 02:16:50
203,94,44290962-8,2012-06-06 10:19:42,2012-06-20 21:47:58
204,63,86083776-5,2012-06-13 03:05:22,2012-06-26 06:44:42
205,19,50942616-3,2012-06-15 05:05:52,2012-06-18 17:45:13
206,11,42723522-k,2012-06-15 19:13:48,2012-06-27 05:53:51
207,67,59137080-4,2012-06-18 12:14:24,2012-06-27 16:30:26
208,144,70388205-6,2012-06-21 20:42:17,2012-07-04 08:28:01
209,200,53329659-9,2012-06-24 23:02:20,2012-07-02 10:07:09
210,157,36081017-8,2012-06-25 10:05:03,2012-07-02 22:38:23
211,198,86447590-6,2012-07-06 01:35:09,2012-07-17 01:43:27
212,55,96900689-8,2012-07-07 02:13:35,2012-07-16 16:02:10
213,11,58557550-k,2012-07-07 06:37:18,2012-07-19 10:45:56
214,80,43630930-9,2012-07-18 04:30:04,2012-07-23 12:54:37
215,210,31256887-k,2012-07-21 16:07:38,2012-07-27 00:31:51
216,166,84593882-2,2012-07-27 16:12:21,2012-07-31 18:38:27
217,93,44372095-2,2012-07-31 02:21:48,2012-08-07 06:21:28
218,188,60747994-1,2012-08-15 11:03:40,2012-08-21 18:20:47
219,15,20640357-8,2012-08-16 20:35:06,2012-08-28 03:55:28
220,181,71962392-1,2012-08-20 17:03:40,2012-08-28 02:25:14
221,129,20180335-7,2012-08-30 14:52:01,2012-09-07 06:49:23
222,17,46288331-5,2012-09-05 23:24:13,2012-09-18 06:51:44
223,178,91790173-2,2012-09-10 15:01:21,2012-09-23 05:08:10
224,74,47121914-2,2012-09-11 15:16:44,2012-09-17 22:16:10
225,116,52968708-7,2012-09-21 16:19:30,2012-09-30 02:43:16
226,11,97996738-1,2012-09-27 12:15:23,2012-10-02 01:19:57
227,164,75397524-1,2012-09-29 21:59:27,2012-10-09 03:19:26
228,194,54593722-0,2012-10-01 15:44:29,2012-10-09 04:07:43
229,33,78166652-1,2012-10-05 00:28:09,2012-10-19 00:37:42
230,4,79861684-6,2012-11-17 08:57:36,2012-11-27 14:39:38
231,186,84569598-9,2012-11-30 15:22:51,2012-12-03 22:22:38
232,4,79861684-6,2012-12-16 10:47:41,2012-12-21 20:00:12
233,27,25002692-7,2012-12-17 09:26:01,2012-12-20 19:26:08
234,52,79263691-8,2013-01-07 09:45:13,2013-01-21 02:05:29
235,48,51630030-2,2013-01-09 05:13:39,2013-01-19 05:58:49
236,131,70582800-8,2013-01-11 06:50:31,2013-01-20 17:07:37
237,128,53383454-k,2013-01-14 05:47:27,2013-01-20 16:59:01
238,187,73543707-0,2013-01-22 00:00:29,2013-02-03 00:46:38
239,206,21219682-7,2013-01-28 01:53:10,2013-02-03 11:32:55
240,70,25399600-5,2013-02-04 09:31:24,2013-02-16 12:50:29
241,208,86434438-0,2013-02-05 17:39:25,2013-02-10 01:46:10
242,183,26849996-2,2013-02-06 17:46:01,2013-02-11 20:37:38
243,46,67629255-1,2013-02-10 04:58:46,2013-02-23 16:07:11
244,0,75295314-7,2013-02-12 03:19:00,2013-02-20 07:35:11
245,134,80698616-k,2013-02-16 17:00:30,2013-03-03 03:28:17
246,133,29622397-2,2013-02-19 21:47:09,2013-03-06 13:46:33
247,184,85743167-7,2013-02-22 05:41:25,2013-03-07 06:15:02
248,28,83118985-1,2013-02-24 00:58:46,2013-03-07 03:42:00
249,209,46491043-3,2013-02-26 05:28:50,2013-03-04 21:09:03
250,130,79308193-6,2013-02-27 14:06:33,2013-03-05 21:14:36
251,32,22997103-4,2013-03-10 00:56:38,2013-03-18 09:07:58
252,128,93892863-0,2013-03-16 05:07:13,2013-03-29 09:41:34
253,114,88697741-7,2013-03-17 14:10:33,2013-03-30 17:13:13
254,103,73026642-1,2013-03-19 15:08:24,2013-03-24 17:26:30
255,37,78897889-8,2013-03-20 01:16:54,2013-03-23 07:29:52
256,67,48292072-1,2013-03-21 06:11:56,2013-04-03 17:17:42
257,50,46531952-6,2013-03-22 06:37:47,2013-03-25 09:56:39
258,48,11554909-k,2013-03-22 14:03:33,2013-03-30 00:31:48
259,77,59444986-k,2013-03-24 01:22:38,2013-04-04 10:41:23
260,213,87859472-k,2013-03-27 00:31:22,2013-04-07 04:49:53
261,140,68377701-3,2013-03-28 04:34:00,2013-04-01 14:21:45
262,110,39899583-k,2013-03-28 15:46:20,2013-04-10 02:29:51
263,190,95711978-6,2013-03-29 16:00:44,2013-04-05 04:47:36
264,29,28231652-8,2013-03-29 16:23:20,2013-04-06 07:27:40
265,136,15460166-k,2013-04-14 03:46:45,2013-04-19 08:00:56
266,153,24115633-8,2013-04-22 05:54:13,2013-04-26 10:43:41
267,193,72570829-7,2013-04-30 06:43:16,2013-05-10 20:11:26
268,57,76081261-7,2013-05-01 06:39:42,2013-05-12 18:49:58
269,119,38204359-6,2013-05-01 22:04:40,2013-05-05 12:58:38
270,178,91790173-2,2013-05-02 04:30:56,2013-05-11 08:23:51
271,165,51844875-7,2013-05-03 19:31:07,2013-05-10 03:47:59
272,23,28630079-0,2013-05-07 09:42:46,2013-05-16 12:00:58
273,192,50728559-7,2013-05-07 19:46:05,2013-05-13 02:06:54
274,36,70876733-6,2013-05-08 06:07:59,2013-05-12 19:55:11
275,143,14761964-2,2013-05-13 03:03:23,2013-05-20 18:17:22
276,120,96562711-1,2013-05-15 06:47:13,2013-05-29 18:30:28
277,82,86043030-4,2013-05-15 07:21:50,2013-05-25 08:59:44
278,161,83029887-8,2013-05-18 06:32:18,2013-05-21 18:08:20
279,77,59444986-k,2013-05-18 08:16:35,2013-05-24 21:30:21
280,12,35685353-9,2013-05-22 18:13:39,2013-06-06 00:43:59
281,133,31113786-7,2013-05-28 04:36:20,2013-06-03 06:51:51
282,164,75397524-1,2013-06-12 10:16:45,2013-06-23 23:08:02
283,170,73557956-8,2013-06-21 13:01:59,2013-07-03 17:49:52
284,78,12815044-7,2013-06-27 20:19:10,2013-07-04 06:37:51
285,111,41325900-2,2013-06-29 16:40:38,2013-07-05 21:55:20
286,119,59105378-7,2013-07-14 02:17:51,2013-07-27 04:22:53
287,147,81602032-8,2013-07-19 07:02:02,2013-07-24 08:48:58
288,142,65855526-k,2013-07-25 15:35:39,2013-08-05 23:13:09
289,154,25368817-3,2013-07-26 16:20:34,2013-07-29 19:53:25
290,88,73324033-4,2013-07-31 10:44:42,2013-08-09 10:51:49
291,56,43926456-k,2013-08-01 17:14:23,2013-08-04 17:23:19
292,80,92170041-5,2013-08-12 09:55:57,2013-08-21 16:39:42
293,28,14114400-6,2013-08-25 16:09:46,2013-09-06 06:10:50
294,96,94688326-3,2013-08-25 20:10:03,2013-08-29 09:48:20
295,66,95932617-7,2013-08-26 20:16:59,2013-08-30 06:06:06
296,117,44060880-9,2013-08-28 19:33:50,2013-09-07 03:03:19
297,116,52968708-7,2013-09-05 21:43:52,2013-09-12 14:18:22
298,143,14761964-2,2013-09-08 06:11:31,2013-09-16 20:49:42
299,136,27712443-2,2013-09-09 06:34:28,2013-09-12 15:06:17
300,60,54121962-5,2013-09-28 17:35:28,2013-10-08 19:05:09
301,207,79758989-6,2013-09-30 22:21:46,2013-10-12 22:35:59
302,105,95514882-7,2013-10-04 02:37:44,2013-10-18 11:24:18
303,29,28231652-8,2013-10-11 04:15:05,2013-10-21 12:41:54
304,107,85682952-9,2013-10-11 13:10:49,2013-10-23 13:49:40
305,92,13965853-1,2013-10-12 16:42:57,2013-10-22 09:03:21
306,1,73842540-5,2013-10-16 04:47:09,2013-10-19 18:04:04
307,140,68377701-3,2013-10-28 18:39:37,2013-11-02 04:04:43
308,26,15333675-k,2013-10-29 06:43:32,2013-11-12 21:31:10
309,208,66119831-1,2013-11-02 19:20:46,2013-11-13 07:21:26
310,105,95514882-7,2013-11-02 21:45:14,2013-11-07 11:52:29
311,83,49995619-3,2013-11-04 08:52:15,2013-11-18 18:00:21
312,165,58945079-5,2013-11-04 14:44:35,2013-11-13 22:12:18
313,3,27626683-7,2013-11-11 11:55:36,2013-11-21 15:14:50
314,93,82833215-5,2013-11-11 21:37:20,2013-11-16 04:10:02
315,72,64370666-0,2013-11-11 23:18:14,2013-11-18 01:03:08
316,164,61995722-9,2013-11-12 08:06:10,2013-11-23 11:24:35
317,70,58765828-3,2013-11-15 04:59:28,2013-11-20 20:29:45
318,0,12842111-4,2013-11-19 16:55:12,2013-11-23 05:19:10
319,1,23407008-8,2013-11-22 19:16:11,2013-11-26 19:34:45
320,103,76396643-7,2013-11-22 19:56:10,2013-11-30 11:52:32
321,107,12957899-8,2013-11-25 14:57:49,2013-12-05 04:11:58
322,3,27626683-7,2013-11-26 02:03:40,2013-12-09 09:25:44
323,149,85394005-4,2013-11-30 19:45:16,2013-12-13 01:29:21
324,88,73324033-4,2013-12-11 00:19:37,2013-12-24 02:38:44
325,72,58000701-5,2013-12-22 16:53:31,2013-12-25 23:55:22
326,130,53967694-6,2013-12-24 04:43:50,2013-12-27 10:47:57
327,185,86555166-5,2013-12-24 06:16:08,2013-12-30 16:52:18
328,67,53721649-2,2013-12-27 22:58:02,2014-01-09 14:47:39
329,172,82993651-8,2013-12-28 01:44:01,2014-01-03 11:12:42
330,123,68225683-4,2014-01-02 23:39:42,2014-01-11 10:22:14
331,55,96900689-8,2014-01-09 21:34:34,2014-01-13 11:28:51
332,101,31706054-8,2014-01-12 17:51:02,2014-01-19 04:04:17
333,169,75328775-2,2014-01-15 00:07:33,2014-01-28 13:26:04
334,102,34643031-1,2014-01-20 03:46:55,2014-02-02 07:56:02
335,10,11118739-8,2014-01-21 19:00:16,2014-02-04 06:59:03
336,26,95741388-9,2014-01-24 06:36:08,2014-01-29 19:22:41
337,208,56535213-k,2014-01-29 23:12:13,2014-02-06 23:41:12
338,65,30928102-0,2014-01-31 10:05:54,2014-02-13 13:26:36
339,203,50109588-5,2014-02-01 23:35:49,2014-02-14 03:31:28
340,144,70388205-6,2014-02-06 15:39:38,2014-02-18 02:04:24
341,209,92270331-0,2014-02-16 11:27:20,2014-02-27 17:57:53
342,163,42162871-8,2014-02-19 04:04:53,2014-02-24 07:40:16
343,29,54122700-8,2014-02-24 14:16:18,2014-03-07 05:59:48
344,87,78156640-3,2014-03-03 00:02:20,2014-03-06 01:50:44
345,134,57325256-k,2014-03-14 08:49:56,2014-03-17 15:58:17
346,185,88538509-5,2014-03-14 15:07:05,2014-03-27 07:30:16
347,77,75357089-6,2014-03-15 01:31:11,2014-03-26 15:07:39
348,183,48425773-6,2014-03-21 21:58:58,2014-03-26 03:06:18
349,136,91957637-5,2014-03-31 18:07:03,2014-04-03 21:32:26
350,126,85034590-2,2014-04-05 12:19:44,2014-04-16 01:00:49
351,194,54593722-0,2014-04-07 11:02:21,2014-04-17 22:46:26
352,192,91935122-5,2014-04-07 23:51:01,2014-04-20 00:25:07
353,91,74415365-4,2014-04-13 12:56:02,2014-04-26 16:13:03
354,52,61993529-2,2014-04-16 21:15:06,2014-04-21 07:01:32
355,24,32992512-9,2014-04-26 04:17:37,2014-04-30 15:43:32
356,183,32644502-9,2014-05-03 02:45:54,2014-05-07 14:07:19
357,203,50109588-5,2014-05-07 22:39:22,2014-05-12 07:30:46
358,71,15119459-1,2014-05-08 05:39:58,2014-05-17 16:20:24
359,54,79348268-k,2014-05-15 13:09:57,2014-05-24 03:19:42
360,147,48433213-4,2014-05-26 15:25:43,2014-06-02 00:15:25
361,84,35155157-7,2014-05-28 11:46:15,2014-06-11 12:53:51
362,16,53089483-5,2014-05-28 16:12:42,2014-06-11 20:41:27
363,211,55326528-2,2014-05-29 00:05:08,2014-06-06 05:14:57
364,120,47067447-4,2014-05-30 22:38:50,2014-06-08 09:11:16
365,147,20034783-8,2014-05-31 15:30:16,2014-06-08 05:43:40
366,147,48433213-4,2014-06-02 10:06:53,2014-06-11 18:27:27
367,194,37126798-0,2014-06-05 11:37:49,2014-06-18 22:17:05
368,114,89793517-1,2014-06-16 01:56:36,2014-06-19 13:53:35
369,114,28370900-0,2014-06-18 04:32:18,2014-06-22 15:09:49
370,38,88772168-8,2014-06-18 11:05:16,2014-06-21 13:00:55
371,24,44100123-1,2014-06-23 05:21:14,2014-07-06 10:47:44
372,144,70388205-6,2014-06-24 12:20:44,2014-07-03 13:09:10
373,172,59959821-9,2014-06-26 10:06:02,2014-07-07 21:08:16
374,124,26123513-7,2014-06-26 14:42:34,2014-07-04 04:00:42
375,79,92244003-4,2014-07-05 14:21:38,2014-07-13 01:14:38
376,107,38317707-3,2014-07-14 02:03:29,2014-07-18 11:33:35
377,113,94888169-1,2014-07-15 04:41:35,2014-07-29 10:39:49
378,137,28792266-3,2014-07-20 09:25:35,2014-07-31 17:54:34
379,207,35785969-7,2014-08-01 09:32:58,2014-08-06 11:52:32
380,181,11123767-0,2014-08-03 01:30:40,2014-08-07 08:24:06
381,207,35785969-7,2014-08-08 20:23:36,2014-08-22 05:22:36
382,67,53721649-2,2014-08-12 02:56:52,2014-08-24 05:57:47
383,137,84729190-7,2014-08-17 19:30:43,2014-08-28 20:33:23
384,155,51693674-6,2014-08-20 18:41:06,2014-09-03 06:03:23
385,199,97004364-0,2014-08-21 02:33:19,2014-08-27 12:52:45
386,9,94384917-k,2014-08-24 17:29:23,2014-09-05 00:20:09
387,36,29742884-5,2014-08-26 16:27:22,2014-09-02 00:26:04
388,41,87649058-7,2014-08-27 20:53:02,2014-09-11 11:39:41
389,95,49036882-5,2014-08-29 04:47:29,2014-09-01 08:00:18
390,14,46787382-2,2014-09-10 14:29:48,2014-09-15 04:44:26
391,147,16836029-0,2014-09-19 16:41:40,2014-10-01 21:02:59
392,115,27952560-4,2014-10-07 00:06:01,2014-10-11 13:14:54
393,26,43922451-7,2014-10-11 19:47:33,2014-10-25 11:40:18
394,97,77020926-9,2014-10-18 07:08:55,2014-10-24 10:27:21
395,199,59890575-4,2014-10-19 18:40:32,2014-11-01 08:58:27
396,207,79758989-6,2014-10-21 00:34:57,2014-11-04 07:47:17
397,192,91935122-5,2014-10-23 06:48:47,2014-10-26 23:27:39
398,97,77020926-9,2014-10-25 02:02:31,2014-11-04 05:53:29
399,151,76563311-7,2014-10-26 21:39:39,2014-11-08 11:31:09
400,168,83469143-4,2014-10-28 12:49:13,2014-11-08 19:27:34
401,18,53783913-9,2014-10-29 12:20:06,2014-11-08 01:12:32
402,110,57342278-3,2014-10-31 08:05:14,2014-11-09 20:15:31
403,10,49326776-0,2014-10-31 09:13:35,2014-11-12 14:56:31
404,7,87282538-k,2014-11-03 04:31:43,2014-11-10 16:20:01
405,80,85301240-8,2014-11-14 18:40:37,2014-11-25 06:28:36
406,195,34902561-2,2014-11-14 22:02:40,2014-11-26 02:37:22
407,107,38317707-3,2014-11-27 02:52:55,2014-12-09 14:50:29
408,17,80291272-2,2014-11-30 17:17:54,2014-12-15 09:25:15
409,37,41694611-6,2014-12-01 08:53:16,2014-12-11 17:35:24
410,41,29950437-9,2014-12-02 06:08:39,2014-12-06 08:40:48
411,188,66844166-1,2014-12-05 12:18:39,2014-12-17 21:55:37
412,79,92244003-4,2014-12-06 18:52:03,2014-12-19 03:00:09
413,86,63795324-9,2014-12-07 13:26:52,2014-12-14 19:21:02
414,52,79263691-8,2014-12-17 03:57:36,2014-12-20 07:20:53
415,81,87634133-6,2014-12-18 11:53:34,2014-12-28 22:25:13
416,109,89336201-0,2014-12-23 15:46:27,2014-12-28 17:19:03
417,119,59105378-7,2014-12-30 22:53:45,2015-01-13 02:54:26
418,143,83399209-0,2015-01-01 21:26:22,2015-01-05 08:13:08
419,43,79543386-4,2015-01-04 23:17:00,2015-01-12 09:31:35
420,190,63953205-4,2015-01-07 09:44:29,2015-01-21 02:08:52
421,184,52158784-9,2015-01-22 02:02:30,2015-01-28 09:19:21
422,139,51194123-7,2015-02-02 17:53:30,2015-02-16 22:33:14
423,213,72800848-2,2015-02-22 20:57:26,2015-02-26 23:20:58
424,13,79459402-3,2015-02-22 22:59:18,2015-03-03 15:04:07
425,154,55106753-k,2015-02-27 16:45:29,2015-03-05 01:31:46
426,121,70368495-5,2015-02-28 14:19:58,2015-03-11 06:37:32
427,201,69777560-9,2015-03-02 17:01:14,2015-03-06 08:00:55
428,66,43953571-7,2015-03-12 04:40:40,2015-03-25 12:30:20
429,144,52189199-8,2015-03-19 04:32:35,2015-04-01 20:29:42
430,207,35785969-7,2015-03-25 21:36:06,2015-04-08 03:03:05
431,56,63968995-6,2015-03-30 03:10:35,2015-04-03 17:41:23
432,101,35414863-3,2015-04-07 09:18:40,2015-04-11 20:49:09
433,162,88034198-7,2015-04-13 08:49:44,2015-04-16 11:14:12
434,186,53234460-3,2015-04-16 00:15:33,2015-04-30 13:24:21
435,136,15460166-k,2015-04-17 11:27:22,2015-04-30 22:35:50
436,146,69698793-9,2015-04-29 18:24:41,2015-05-03 00:27:02
437,165,87442136-7,2015-05-04 21:59:23,2015-05-14 00:39:19
438,90,95656123-k,2015-05-06 08:49:13,2015-05-19 19:26:43
439,57,36432728-5,2015-05-14 21:50:06,2015-05-26 02:03:44
440,27,25002692-7,2015-05-15 15:08:08,2015-05-18 16:30:42
441,162,88034198-7,2015-05-17 14:46:06,2015-05-23 22:58:46
442,177,87861767-3,2015-05-22 08:12:58,2015-05-27 14:58:18
443,117,10094201-1,2015-05-27 12:28:21,2015-06-07 03:04:35
444,196,93176945-6,2015-05-29 22:31:00,2015-06-05 11:45:47
445,96,49891081-5,2015-06-04 00:06:55,2015-06-09 10:29:04
446,20,96828461-4,2015-06-06 23:04:11,2015-06-18 06:39:21
447,27,44281327-2,2015-06-07 01:26:45,2015-06-14 08:08:40
448,85,12460058-8,2015-06-08 19:43:34,2015-06-22 07:44:36
449,202,91346186-k,2015-06-08 22:39:48,2015-06-23 01:10:49
450,213,25806104-7,2015-06-22 11:30:07,2015-07-01 00:30:31
451,11,97996738-1,2015-06-27 13:18:02,2015-07-05 16:05:11
452,92,12033288-0,2015-06-29 00:09:31,2015-07-04 06:23:52
453,5,74580276-1,2015-06-30 20:00:11,2015-07-08 04:13:42
454,182,33236616-5,2015-07-04 21:34:00,2015-07-16 08:37:35
455,71,81698647-8,2015-07-14 00:07:57,2015-07-18 09:49:54
456,180,35776394-0,2015-07-29 16:35:16,2015-08-05 16:53:25
457,103,95667888-9,2015-08-01 11:28:55,2015-08-13 19:08:29
458,28,14114400-6,2015-08-06 07:45:15,2015-08-12 19:57:06
459,45,22274441-5,2015-08-06 19:49:14,2015-08-14 05:06:40
460,10,49326776-0,2015-08-11 11:40:43,2015-08-24 18:23:12
461,16,26240285-1,2015-08-20 02:45:50,2015-08-29 10:31:27
462,74,42300579-3,2015-08-22 03:32:31,2015-08-26 11:16:45
463,139,56425505-k,2015-08-24 12:07:53,2015-08-30 14:06:10
464,61,62014673-0,2015-08-30 03:43:43,2015-09-05 15:01:26
465,32,88413708-k,2015-08-30 12:53:34,2015-09-05 00:17:52
466,210,83386046-1,2015-08-30 20:33:33,2015-09-10 22:50:04
467,38,37797879-k,2015-09-05 23:39:37,2015-09-13 04:49:35
468,81,48246125-5,2015-09-19 07:35:50,2015-09-26 20:24:57
469,74,47121914-2,2015-09-21 21:57:09,2015-09-30 11:23:04
470,32,25450277-4,2015-09-27 09:11:55,2015-10-01 18:26:30
471,202,38405094-8,2015-10-01 03:49:45,2015-10-07 13:27:22
472,145,12187269-2,2015-10-04 11:25:25,2015-10-11 12:59:02
473,197,98849412-7,2015-10-04 21:37:41,2015-10-18 23:49:05
474,53,66045545-0,2015-10-10 23:17:32,2015-10-17 05:11:31
475,134,80698616-k,2015-10-14 18:01:02,2015-10-27 04:07:38
476,24,69141385-3,2015-10-15 20:09:04,2015-10-23 04:22:17
477,187,73543707-0,2015-10-23 09:51:42,2015-11-04 22:50:32
478,112,66295586-8,2015-11-02 01:50:44,2015-11-16 06:55:52
479,157,49359132-0,2015-11-03 02:32:33,2015-11-12 05:33:54
480,132,54004386-8,2015-11-06 04:51:38,2015-11-10 13:14:52
481,39,58303600-8,2015-11-12 09:54:02,2015-11-21 18:51:22
482,159,63532763-4,2015-11-13 14:12:26,2015-11-27 16:44:09
483,62,45400053-6,2015-11-16 03:58:08,2015-11-24 09:13:22
484,41,87649058-7,2015-11-19 21:54:13,2015-11-26 11:47:18
485,144,11439340-1,2015-11-23 12:16:14,2015-11-26 23:04:57
486,16,86164302-6,2015-11-23 21:00:09,2015-11-29 07:15:58
487,53,53747213-8,2015-11-24 03:05:13,2015-12-02 19:17:39
488,15,31359212-k,2015-12-03 03:29:17,2015-12-16 06:11:27
489,3,16264932-9,2015-12-04 16:58:32,2015-12-13 00:47:07
490,18,82645956-5,2015-12-17 00:16:27,2015-12-20 16:05:18
491,200,53329659-9,2015-12-18 17:47:51,2015-12-30 06:25:43
492,58,63421928-5,2015-12-18 18:24:53,2015-12-25 07:50:19
493,207,79758989-6,2015-12-19 14:57:37,2015-12-28 22:37:46
494,120,96562711-1,2015-12-26 03:54:48,2016-01-03 10:02:59
495,181,11123767-0,2015-12-27 05:43:37,2016-01-10 09:44:22
496,101,89146700-1,2016-01-05 22:13:23,2016-01-16 03:52:43
497,163,71389826-0,2016-01-06 11:20:23,2016-01-10 16:50:59
498,176,72810804-5,2016-01-14 11:44:56,2016-01-21 02:47:03
499,180,61514910-1,2016-01-26 06:41:58,2016-02-08 11:02:06
500,169,75328775-2,2016-01-26 23:36:11,2016-01-30 12:35:42
501,111,62820832-8,2016-01-31 14:49:28,2016-02-12 02:12:55
502,27,69402733-4,2016-02-04 20:35:48,2016-02-08 02:06:06
503,139,91119340-k,2016-02-11 01:01:24,2016-02-18 12:07:08
504,105,67753422-2,2016-02-27 01:59:27,2016-03-05 11:54:30
505,160,96735305-1,2016-02-28 03:15:36,2016-03-06 11:41:39
506,74,80282829-2,2016-03-02 01:03:44,2016-03-13 11:41:10
507,94,44290962-8,2016-03-02 21:58:56,2016-03-09 08:22:18
508,112,30680313-1,2016-03-05 17:37:05,2016-03-10 03:27:30
509,190,54746197-5,2016-03-09 11:17:10,2016-03-21 14:49:51
510,102,60916764-5,2016-03-19 23:56:55,2016-03-26 06:19:30
511,198,65538426-k,2016-03-22 10:33:49,2016-04-01 22:22:34
512,133,59814228-9,2016-03-26 13:52:36,2016-04-08 22:24:59
513,34,83905334-7,2016-03-27 17:36:50,2016-04-06 06:42:48
514,5,88094734-6,2016-04-05 08:51:32,2016-04-13 21:00:51
515,98,99837067-1,2016-04-24 22:12:52,2016-05-01 09:08:19
516,203,50109588-5,2016-04-25 00:57:56,2016-05-05 13:24:58
517,145,40644356-6,2016-04-27 10:56:13,2016-05-11 14:46:39
518,79,77477421-1,2016-04-28 10:18:55,2016-05-04 01:56:32
519,80,92170041-5,2016-05-05 20:33:35,2016-05-14 09:11:21
520,204,58191750-3,2016-05-06 17:22:34,2016-05-16 06:57:50
521,81,79480331-5,2016-05-11 15:26:43,2016-05-26 03:03:10
522,21,82376572-k,2016-05-20 03:26:46,2016-05-30 12:41:18
523,13,97675067-5,2016-05-20 15:35:44,2016-06-04 06:15:47
524,39,58303600-8,2016-05-22 02:38:32,2016-05-30 06:35:53
525,204,66183219-3,2016-05-22 10:14:45,2016-05-27 10:24:47
526,143,19027799-2,2016-06-11 13:22:28,2016-06-14 19:02:44
527,158,81498697-7,2016-06-11 14:42:38,2016-06-16 18:49:58
528,24,59129614-0,2016-06-14 18:23:03,2016-06-27 06:09:04
529,211,11453035-2,2016-06-22 21:58:50,2016-07-02 06:14:30
530,15,18665525-7,2016-06-23 18:18:46,2016-07-04 03:36:30
531,142,98121429-3,2016-06-27 09:37:08,2016-07-10 20:17:47
532,115,43831962-k,2016-06-27 11:28:07,2016-07-03 22:01:58
533,16,37925650-3,2016-07-07 15:33:41,2016-07-18 21:55:26
534,148,89671041-9,2016-07-11 00:12:12,2016-07-18 06:37:45
535,37,41694611-6,2016-07-20 14:03:46,2016-08-01 21:02:57
536,207,79758989-6,2016-07-25 00:24:39,2016-08-02 16:26:12
537,53,53747213-8,2016-07-27 03:43:00,2016-08-02 11:47:49
538,201,41071374-8,2016-08-03 09:53:45,2016-08-06 10:19:10
539,197,72070561-3,2016-08-05 18:50:47,2016-08-17 06:36:04
540,65,71134226-5,2016-08-18 11:01:08,2016-08-27 03:40:55
541,52,71881591-6,2016-08-23 16:36:13,2016-08-31 02:19:35
542,202,41581842-4,2016-08-29 16:00:41,2016-09-03 19:33:06
543,184,45717384-9,2016-09-02 04:47:05,2016-09-16 05:53:12
544,8,34352032-8,2016-09-02 06:25:32,2016-09-11 15:45:00
545,193,20026905-5,2016-09-03 09:39:59,2016-09-16 11:17:31
546,135,74748755-3,2016-09-04 15:05:37,2016-09-09 20:08:54
547,67,57133149-7,2016-09-05 08:28:09,2016-09-09 20:47:32
548,40,23494123-2,2016-09-07 17:10:20,2016-09-21 05:11:26
549,39,58303600-8,2016-09-20 13:13:47,2016-10-02 21:46:12
550,148,30364676-0,2016-09-27 16:20:17,2016-10-12 08:52:10
551,14,30741496-1,2016-09-27 16:28:44,2016-10-03 22:55:00
552,109,52576933-k,2016-09-30 01:01:52,2016-10-12 02:57:18
553,48,14377401-5,2016-10-01 12:18:14,2016-10-04 22:21:14
554,159,95185947-8,2016-10-04 05:01:11,2016-10-11 11:06:35
555,33,91888069-0,2016-10-05 10:28:54,2016-10-19 20:20:20
556,58,63421928-5,2016-10-18 03:14:06,2016-10-31 15:43:14
557,210,33802463-0,2016-10-23 03:13:00,2016-11-06 17:48:26
558,160,93550420-1,2016-10-24 23:55:14,2016-10-30 11:17:21
559,211,55326528-2,2016-10-27 20:03:34,2016-11-03 22:14:53
560,172,59959821-9,2016-11-06 04:54:38,2016-11-20 16:21:11
561,89,16008678-5,2016-11-06 21:16:40,2016-11-17 01:59:05
562,114,61892040-2,2016-11-10 23:06:01,2016-11-18 03:38:23
563,153,23047484-2,2016-11-19 02:14:00,2016-11-29 08:27:37
564,12,34572846-5,2016-12-12 11:14:57,2016-12-18 22:14:32
565,31,90471139-k,2016-12-18 07:09:13,2016-12-24 15:41:24
566,107,92311983-3,2016-12-25 07:48:08,2016-12-30 08:52:12
567,75,79850677-3,2017-01-02 17:56:30,2017-01-11 04:17:28
568,180,25327705-k,2017-01-04 11:12:38,2017-01-17 02:05:18
569,87,74357811-2,2017-01-05 16:49:05,2017-01-16 02:10:00
570,212,77489819-0,2017-01-09 15:34:41,2017-01-14 01:15:43
571,80,85301240-8,2017-01-11 04:42:02,2017-01-17 19:36:12
572,206,21219682-7,2017-01-12 08:07:59,2017-01-26 19:39:07
573,110,29637564-0,2017-01-13 08:02:29,2017-01-21 13:51:44
574,154,92445451-2,2017-01-14 13:27:28,2017-01-26 23:35:03
575,187,55012555-2,2017-01-17 15:19:14,2017-01-27 07:52:20
576,73,33090056-3,2017-02-05 08:57:19,2017-02-12 17:09:45
577,101,89146700-1,2017-02-06 04:26:09,2017-02-17 16:17:03
578,105,63382431-2,2017-02-14 03:42:24,2017-02-21 11:15:09
579,141,79344858-9,2017-02-14 20:26:14,2017-02-18 04:08:18
580,73,29903675-8,2017-02-24 22:26:36,2017-03-05 09:11:23
581,198,86447590-6,2017-02-25 13:29:20,2017-03-03 19:13:01
582,154,59060940-4,2017-03-04 01:20:25,2017-03-12 03:01:57
583,45,68505645-3,2017-03-04 06:04:46,2017-03-15 12:12:35
584,57,91231636-k,2017-03-14 21:47:05,2017-03-25 23:46:29
585,24,32992512-9,2017-03-18 11:41:17,2017-03-22 20:24:06
586,1,41704207-5,2017-03-22 03:24:07,2017-04-05 12:18:46
587,210,29877385-6,2017-03-22 09:12:10,2017-03-26 21:37:45
588,203,40978316-3,2017-03-22 12:05:57,2017-03-27 14:24:30
589,177,44973013-5,2017-03-30 05:28:39,2017-04-13 11:36:33
590,28,94362008-3,2017-04-22 04:34:38,2017-05-05 14:46:52
591,115,23514054-3,2017-04-23 22:21:43,2017-05-02 04:49:33
592,107,38317707-3,2017-04-28 21:24:54,2017-05-09 08:21:43
593,148,95777850-k,2017-04-29 00:40:20,2017-05-05 04:05:03
594,160,23298314-0,2017-05-03 18:17:16,2017-05-13 03:00:56
595,148,69186141-4,2017-05-07 03:25:20,2017-05-12 10:24:37
596,165,87442136-7,2017-05-09 04:35:17,2017-05-18 15:32:44
597,82,83290634-4,2017-05-11 23:58:38,2017-05-15 15:16:15
598,135,21924647-1,2017-05-16 13:24:10,2017-05-24 00:44:27
599,49,14408869-7,2017-05-21 16:47:30,2017-06-03 23:40:58
600,23,28630079-0,2017-06-01 08:29:37,2017-06-11 21:48:20
601,17,69760987-3,2017-06-01 11:47:47,2017-06-10 20:19:01
602,57,12673702-5,2017-06-15 02:32:57,2017-06-27 04:33:35
603,100,92394961-5,2017-06-15 04:15:58,2017-06-20 10:32:32
604,11,97996738-1,2017-06-20 02:06:40,2017-06-23 18:37:22
605,37,22479749-4,2017-06-22 16:13:35,2017-07-05 01:16:12
606,61,93900888-8,2017-06-24 08:34:32,2017-07-08 15:56:46
607,48,11554909-k,2017-06-28 09:27:57,2017-07-06 20:27:14
608,88,54480341-7,2017-06-29 15:56:36,2017-07-05 16:01:27
609,201,86683089-4,2017-07-01 04:40:56,2017-07-06 20:40:40
610,174,41091494-8,2017-07-02 15:46:45,2017-07-06 19:52:42
611,103,73026642-1,2017-07-21 14:29:50,2017-08-03 23:28:38
612,51,44626695-0,2017-07-22 14:35:09,2017-08-01 02:57:41
613,126,34012878-8,2017-07-30 11:30:06,2017-08-11 02:40:47
614,89,20694588-5,2017-08-03 21:00:40,2017-08-18 03:56:38
615,67,63814706-8,2017-08-05 14:04:02,2017-08-15 18:04:55
616,157,60158787-4,2017-08-16 09:10:23,2017-08-23 20:38:11
617,214,66714421-3,2017-08-18 18:27:38,2017-09-02 01:36:38
618,65,65809271-5,2017-08-20 15:35:08,2017-08-31 19:26:55
619,173,91995839-1,2017-08-21 02:29:25,2017-08-26 02:50:30
620,124,26123513-7,2017-08-21 21:15:38,2017-09-05 04:21:09
621,8,35480818-8,2017-08-25 03:16:03,2017-08-28 03:29:50
622,30,33016426-3,2017-08-25 10:06:01,2017-09-06 00:04:34
623,191,32359787-1,2017-08-25 13:52:13,2017-09-08 15:51:00
624,26,95741388-9,2017-08-28 16:02:09,2017-09-01 04:46:59
625,79,92244003-4,2017-08-30 05:01:41,2017-09-11 16:43:59
626,109,89336201-0,2017-09-03 07:23:40,2017-09-06 22:15:42
627,15,93009498-6,2017-09-11 12:10:16,2017-09-17 18:05:00
628,105,91059844-9,2017-09-17 03:49:20,2017-09-26 13:24:40
629,197,18076157-8,2017-09-27 06:29:47,2017-10-02 06:59:27
630,65,30928102-0,2017-09-30 11:55:14,2017-10-08 04:23:09
631,176,42678415-7,2017-10-05 15:21:46,2017-10-20 03:01:38
632,143,38563658-k,2017-10-09 05:45:56,2017-10-17 12:22:34
633,172,82993651-8,2017-10-09 08:30:21,2017-10-13 21:35:02
634,34,14200344-9,2017-10-18 07:34:56,2017-10-27 17:02:28
635,45,22274441-5,2017-10-20 01:16:35,2017-10-30 11:16:13
636,104,22150901-3,2017-10-20 17:10:40,2017-10-24 04:01:31
637,99,48161908-4,2017-10-22 06:03:31,2017-11-03 08:41:01
638,193,35288330-1,2017-10-30 15:59:45,2017-11-09 03:33:16
639,117,80092681-5,2017-11-08 18:53:28,2017-11-20 04:02:58
640,77,57639262-1,2017-11-09 13:21:08,2017-11-24 04:06:03
641,23,28630079-0,2017-11-13 16:53:14,2017-11-21 19:00:39
642,214,73815426-6,2017-11-25 09:34:28,2017-11-29 12:11:52
643,11,40538537-6,2017-11-26 19:11:31,2017-12-01 10:22:06
644,69,95367461-0,2017-12-01 01:18:22,2017-12-13 03:28:49
645,54,79348268-k,2017-12-02 21:53:43,2017-12-07 05:39:37
646,114,48766480-4,2017-12-03 02:17:42,2017-12-15 06:14:15
647,160,18969557-8,2017-12-15 03:46:22,2017-12-28 15:01:45
648,118,48553208-0,2017-12-21 01:41:21,2017-12-26 02:35:39
649,189,63884576-8,2017-12-26 00:36:00,2018-01-01 07:57:02
650,192,91085975-7,2017-12-26 11:08:41,2018-01-04 16:25:46
651,143,14761964-2,2018-01-05 23:05:18,2018-01-10 11:42:17
652,144,70388205-6,2018-01-06 22:29:40,2018-01-12 05:36:38
653,99,17195049-k,2018-01-16 03:47:09,2018-01-19 10:00:52
654,145,40644356-6,2018-01-19 01:10:43,2018-02-01 07:33:46
655,45,68505645-3,2018-01-20 23:12:15,2018-01-26 12:55:42
656,155,19209075-k,2018-01-23 08:23:14,2018-02-06 23:44:48
657,164,75397524-1,2018-02-01 03:40:33,2018-02-04 06:22:35
658,96,95623149-3,2018-02-01 09:05:36,2018-02-08 21:19:23
659,90,32628385-1,2018-02-04 01:39:36,2018-02-17 03:32:33
660,171,94559048-3,2018-02-11 01:13:33,2018-02-19 16:53:23
661,206,21219682-7,2018-02-19 05:42:24,2018-03-03 13:00:16
662,52,45026478-4,2018-02-21 04:18:56,2018-02-24 15:33:41
663,207,34039148-9,2018-02-22 17:39:02,2018-02-28 02:20:53
664,192,33572631-6,2018-02-22 21:33:23,2018-03-09 06:33:55
665,11,42723522-k,2018-03-01 14:19:31,2018-03-05 20:28:51
666,40,23494123-2,2018-03-07 03:04:33,2018-03-20 09:06:49
667,85,33874298-3,2018-03-14 16:07:57,2018-03-22 07:23:49
668,124,83917354-7,2018-03-17 12:43:52,2018-03-29 13:23:05
669,175,26617374-1,2018-03-25 00:29:32,2018-04-08 15:00:34
670,150,82903113-2,2018-03-28 10:55:31,2018-04-09 00:00:49
671,21,34846808-1,2018-04-04 06:29:09,2018-04-15 12:16:38
672,112,25198755-6,2018-04-04 15:01:45,2018-04-15 21:04:47
673,163,20820475-0,2018-04-05 10:59:19,2018-04-14 17:13:29
674,194,51616764-5,2018-04-13 00:42:13,2018-04-25 14:12:03
675,196,81560843-7,2018-04-14 06:31:50,2018-04-28 15:29:33
676,145,12187269-2,2018-04-22 09:08:49,2018-04-28 15:38:37
677,147,37376941-k,2018-04-25 23:02:44,2018-04-29 14:54:16
678,86,34414978-k,2018-05-01 07:58:40,2018-05-07 21:23:48
679,101,62887150-7,2018-05-08 14:35:34,2018-05-18 16:58:51
680,145,12187269-2,2018-05-10 07:26:44,2018-05-17 12:03:13
681,100,73540572-1,2018-05-14 11:37:29,2018-05-23 22:17:42
682,186,31679088-7,2018-05-15 16:27:18,2018-05-22 09:07:01
683,200,53329659-9,2018-05-17 15:56:48,2018-05-29 08:35:24
684,207,79758989-6,2018-05-20 10:44:19,2018-05-31 11:56:26
685,118,30001031-8,2018-05-22 17:23:02,2018-05-28 18:59:32
686,205,75269880-5,2018-05-25 12:19:46,2018-06-04 13:49:04
687,25,56914123-0,2018-05-26 09:09:52,2018-05-31 01:10:57
688,100,34996262-4,2018-05-31 06:13:51,2018-06-04 18:42:23
689,84,55422937-9,2018-06-05 06:22:02,2018-06-09 20:41:09
690,76,32700742-4,2018-06-09 14:00:43,2018-06-15 05:25:27
691,167,59150917-9,2018-06-10 02:19:01,2018-06-17 18:48:24
692,18,45981588-0,2018-06-19 05:14:58,2018-06-25 20:50:21
693,68,49166815-6,2018-06-24 10:25:33,2018-06-29 11:04:23
694,35,31111145-0,2018-06-28 05:22:57,2018-07-07 06:24:56
695,173,76356563-7,2018-07-01 09:09:20,2018-07-09 20:21:43
696,83,47922722-5,2018-07-03 21:43:26,2018-07-16 09:35:06
697,8,38629675-8,2018-07-09 05:12:53,2018-07-22 18:38:44
698,11,97996738-1,2018-07-11 07:23:10,2018-07-25 13:07:35
699,97,87544765-3,2018-07-18 14:15:56,2018-07-25 19:43:07
700,103,11784418-8,2018-07-20 05:45:54,2018-08-01 08:12:32
701,139,10619372-k,2018-07-24 16:22:16,2018-08-04 07:12:31
702,109,12205074-2,2018-08-01 07:14:42,2018-08-06 18:41:03
703,29,49993665-6,2018-08-03 14:07:44,2018-08-17 15:53:07
704,60,10254486-2,2018-08-07 03:42:20,2018-08-19 05:30:27
705,188,66844166-1,2018-08-17 09:21:05,2018-08-26 01:25:16
706,55,91957885-8,2018-08-18 00:24:03,2018-08-27 01:52:54
707,173,23000993-7,2018-08-19 14:19:19,2018-08-29 15:46:14
708,88,17286061-3,2018-08-31 21:45:31,2018-09-12 10:37:39
709,102,88107942-9,2018-09-04 15:29:20,2018-09-15 03:54:37
710,72,64370666-0,2018-09-08 07:07:14,2018-09-20 07:29:24
711,0,12842111-4,2018-09-16 10:03:13,2018-09-22 14:12:53
712,7,83538271-0,2018-09-26 03:40:10,2018-10-05 20:08:18
713,28,94362008-3,2018-09-26 20:50:40,2018-10-04 00:57:34
714,154,49641463-2,2018-09-30 06:59:54,2018-10-08 11:57:07
715,27,69402733-4,2018-10-08 09:47:46,2018-10-16 16:03:44
716,212,77489819-0,2018-10-18 16:11:41,2018-10-25 00:06:15
717,79,77477421-1,2018-10-19 05:32:48,2018-10-22 09:23:10
718,76,73418283-4,2018-10-20 12:38:36,2018-11-01 17:42:25
719,143,61863167-2,2018-10-23 15:32:38,2018-11-06 08:09:58
720,120,13572944-2,2018-10-29 12:30:58,2018-11-03 15:17:18
721,132,54363208-2,2018-10-31 01:21:54,2018-11-08 17:50:07
722,192,19942007-0,2018-11-07 02:05:50,2018-11-17 09:23:38
723,57,57792927-0,2018-11-09 15:49:46,2018-11-20 06:51:00
724,79,92244003-4,2018-11-19 03:26:00,2018-11-25 18:26:56
725,176,77484278-0,2018-11-19 16:24:38,2018-11-28 22:48:31
726,127,15955355-8,2018-11-22 02:18:39,2018-12-05 07:15:12
727,23,57689116-4,2018-11-22 09:25:22,2018-11-26 22:47:44
728,29,54122700-8,2018-11-22 19:54:10,2018-12-05 02:11:20
729,84,15623590-3,2018-11-30 21:24:54,2018-12-06 05:07:03
730,208,97404549-4,2018-11-30 22:50:31,2018-12-09 06:00:08
731,101,36615636-4,2018-12-02 18:10:44,2018-12-07 04:25:19
732,108,49718772-9,2018-12-05 10:35:35,2018-12-17 02:14:59
733,135,82719046-2,2018-12-05 23:52:43,2018-12-14 07:01:25
734,173,22234852-8,2018-12-09 06:20:57,2018-12-20 15:58:34
735,51,66970190-k,2018-12-16 20:11:01,2018-12-31 11:26:41
736,86,84921010-6,2018-12-19 08:05:28,2018-12-31 23:43:52
737,169,75328775-2,2018-12-24 03:20:26,2018-12-27 13:29:54
738,62,31457093-6,2018-12-24 04:58:05,2019-01-02 09:59:59
739,82,33006349-1,2018-12-24 08:35:47,2019-01-03 15:19:46
740,203,75129314-3,2019-01-05 05:58:33,2019-01-08 20:43:10
741,171,11091024-k,2019-01-08 17:11:14,2019-01-18 23:33:26
742,75,34823992-9,2019-01-11 09:58:22,2019-01-25 13:53:32
743,87,80640357-1,2019-01-11 20:23:52,2019-01-15 11:57:45
744,204,10927357-0,2019-01-19 18:05:49,2019-01-27 05:07:12
745,55,96900689-8,2019-01-24 11:30:16,2019-02-02 22:29:22
746,34,14200344-9,2019-01-31 13:45:10,2019-02-09 14:55:13
747,78,27161682-1,2019-02-01 22:33:47,2019-02-09 08:10:59
748,212,70019535-k,2019-02-04 07:46:10,2019-02-14 15:40:12
749,154,49641463-2,2019-02-25 05:21:24,2019-03-02 14:53:14
750,104,22150901-3,2019-03-01 23:38:16,2019-03-11 04:01:46
751,78,56725663-4,2019-03-03 04:14:11,2019-03-11 12:17:20
752,26,43922451-7,2019-03-04 08:53:38,2019-03-17 11:51:39
753,19,89118524-3,2019-03-06 23:03:43,2019-03-21 04:44:41
754,116,86367440-9,2019-03-08 20:42:00,2019-03-15 06:15:11
755,175,33890329-4,2019-03-09 12:51:45,2019-03-13 13:10:26
756,151,85973291-7,2019-03-12 21:19:12,2019-03-17 22:25:37
757,47,90594532-7,2019-03-14 17:41:03,2019-03-28 04:08:00
758,162,60370162-3,2019-03-16 10:59:59,2019-03-24 12:34:50
759,144,41183684-3,2019-03-21 07:18:59,2019-04-04 11:36:30
760,30,33016426-3,2019-03-23 17:39:32,2019-03-29 05:38:41
761,93,93044599-1,2019-03-24 11:35:19,2019-04-05 20:01:06
762,37,34349789-k,2019-03-25 08:30:25,2019-04-03 16:09:14
763,181,34761062-3,2019-03-25 22:32:22,2019-03-31 08:51:11
764,60,54121962-5,2019-03-26 16:24:20,2019-04-07 21:01:36
765,166,17459269-1,2019-03-28 06:57:47,2019-04-10 22:04:44
766,182,11544489-1,2019-03-30 01:52:50,2019-04-11 05:37:18
767,214,23625905-6,2019-03-31 05:57:03,2019-04-09 16:29:11
768,77,78734770-3,2019-04-04 04:52:02,2019-04-07 07:38:53
769,18,12920124-k,2019-04-09 18:53:58,2019-04-22 05:40:34
770,166,78463527-9,2019-04-10 20:01:37,2019-04-19 01:41:19
771,208,96964691-9,2019-04-15 15:08:21,2019-04-20 23:26:36
772,126,44812887-3,2019-04-18 15:49:17,2019-05-02 19:17:28
773,111,62820832-8,2019-04-20 05:34:53,2019-05-03 20:43:31
774,44,12412672-k,2019-04-29 16:34:27,2019-05-13 21:39:42
775,141,10959343-5,2019-05-19 07:22:15,2019-05-27 15:02:13
776,42,96251410-3,2019-05-26 22:50:20,2019-06-06 04:08:07
777,89,20694588-5,2019-05-31 12:59:19,2019-06-11 05:11:22
778,197,84095044-1,2019-06-04 18:54:45,2019-06-08 23:21:25
779,198,47329036-7,2019-06-04 22:17:48,2019-06-10 10:05:54
780,125,84911278-3,2019-06-11 00:35:34,2019-06-15 06:54:53
781,193,50453382-4,2019-06-13 07:14:11,2019-06-22 09:12:59
782,109,75766984-6,2019-06-13 18:41:26,2019-06-24 20:24:44
783,138,45125749-8,2019-06-28 22:46:41,2019-07-11 09:25:00
784,37,34349789-k,2019-07-02 20:22:26,2019-07-08 07:44:51
785,131,30991735-9,2019-07-06 20:57:18,2019-07-18 03:41:39
786,59,75910499-4,2019-07-30 10:13:01,2019-08-09 12:49:02
787,156,83123905-0,2019-08-13 14:58:41,2019-08-19 21:34:21
788,197,64221026-2,2019-08-16 13:21:07,2019-08-24 03:56:33
789,129,69251591-9,2019-08-16 16:50:11,2019-08-22 02:30:31
790,127,14343597-0,2019-08-25 00:08:17,2019-09-04 14:36:56
791,21,35340502-0,2019-08-28 11:12:00,2019-09-06 03:39:40
792,91,74415365-4,2019-08-29 00:03:15,2019-09-10 15:26:21
793,208,51242629-8,2019-08-30 23:45:45,2019-09-11 02:53:48
794,98,16670974-1,2019-09-01 15:59:46,2019-09-05 04:16:36
795,110,36918308-7,2019-09-08 12:19:56,2019-09-11 22:02:54
796,186,53234460-3,2019-09-15 19:38:33,2019-09-29 04:35:45
797,25,42226798-0,2019-10-01 16:08:08,2019-10-14 08:44:54
798,106,53211068-8,2019-10-10 16:51:31,2019-10-14 07:18:40
799,116,99347364-2,2019-10-15 02:48:16,2019-10-27 05:28:12
800,179,14811794-2,2019-11-09 10:35:22,2019-11-16 14:45:12
801,161,83029887-8,2019-11-10 06:26:28,2019-11-14 20:40:34
802,10,49326776-0,2019-11-13 17:12:01,2019-11-18 07:10:29
803,87,64063874-5,2019-11-13 21:46:44,2019-11-26 22:15:47
804,64,48176712-1,2019-11-14 08:14:45,2019-11-23 00:10:20
805,40,77210598-3,2019-11-22 00:56:09,2019-11-27 10:56:54
806,112,93285177-6,2019-11-23 04:38:33,2019-11-28 14:52:03
807,141,22240154-2,2019-12-07 16:40:59,2019-12-19 02:38:24
808,33,13068977-9,2019-12-09 12:58:40,2019-12-20 22:22:29
809,122,25844754-9,2019-12-09 12:58:40,2019-12-20 22:22:29
810,162,48998776-7,2019-12-13 20:54:53,2019-12-19 01:24:50
811,59,75910499-4,2019-12-17 23:16:28,2019-12-21 03:58:06
812,143,61863167-2,2019-12-22 20:25:56,2019-12-27 22:09:31
813,202,91346186-k,2019-12-27 05:19:38,2020-01-09 08:35:14
814,192,91085975-7,2020-01-02 03:18:44,2020-01-16 10:04:02
815,28,83118985-1,2020-01-06 16:47:39,2020-01-21 08:34:59
816,174,41091494-8,2020-01-09 21:48:14,2020-01-24 00:42:51
817,46,67629255-1,2020-01-11 04:41:41,2020-01-17 15:41:58
818,81,90739234-1,2020-01-12 03:13:45,2020-01-26 07:30:56
819,80,50319391-4,2020-01-13 23:13:32,2020-01-20 12:32:17
820,89,58366562-5,2020-01-14 22:17:48,2020-01-23 03:18:33
821,136,42354523-2,2020-01-15 17:24:57,2020-01-26 22:59:10
822,25,96951878-3,2020-01-20 04:42:32,2020-01-26 12:09:31
823,45,75981648-k,2020-01-22 13:04:51,2020-01-29 19:25:55
824,93,82833215-5,2020-01-29 22:15:48,2020-02-04 08:18:22
825,180,37742604-5,2020-02-04 20:31:58,2020-02-08 10:44:27
826,180,99223381-8,2020-02-08 22:56:05,2020-02-12 13:36:33
827,145,40644356-6,2020-02-09 02:49:03,2020-02-16 18:45:39
828,136,42354523-2,2020-02-20 23:19:11,2020-02-27 14:59:18
829,190,28273728-0,2020-02-23 06:12:39,2020-03-06 19:31:22
830,179,64269343-3,2020-02-23 23:41:55,2020-03-07 06:44:11
831,42,69020528-9,2020-03-09 13:13:42,2020-03-19 19:28:17
832,150,71612139-9,2020-03-10 09:14:52,2020-03-24 23:06:22
833,27,74361473-9,2020-03-13 06:40:59,2020-03-26 21:15:14
834,203,63688364-6,2020-03-15 06:21:35,2020-03-21 13:14:35
835,92,30224213-5,2020-03-15 15:18:14,2020-03-19 17:13:28
836,93,82833215-5,2020-03-26 06:18:35,2020-04-04 10:38:49
837,211,56499633-5,2020-03-27 14:23:04,2020-04-05 21:26:18
838,119,59105378-7,2020-03-29 14:20:08,2020-04-05 18:18:44
839,142,13592940-9,2020-03-30 11:40:44,2020-04-11 16:09:01
840,100,34996262-4,2020-03-31 15:08:47,2020-04-10 06:33:55
841,108,49718772-9,2020-04-01 09:08:39,2020-04-13 21:50:07
842,1,98683815-5,2020-04-04 09:03:33,2020-04-18 13:28:43
843,0,75295314-7,2020-04-09 12:02:33,2020-04-15 00:37:39
844,211,55326528-2,2020-04-12 11:23:39,2020-04-24 16:51:24
845,31,90471139-k,2020-04-18 20:34:41,2020-05-01 05:11:28
846,98,35661237-k,2020-04-21 17:54:58,2020-04-29 23:44:00
847,75,59495529-3,2020-04-24 23:49:47,2020-05-01 15:01:08
848,25,59537115-5,2020-04-25 20:39:28,2020-05-07 22:16:55
849,136,54982068-9,2020-05-02 01:56:28,2020-05-08 14:01:53
850,11,40538537-6,2020-05-04 17:20:31,2020-05-12 05:17:49
851,24,52581344-4,2020-05-08 04:21:09,2020-05-12 06:47:44
852,175,33890329-4,2020-05-19 15:31:44,2020-05-27 22:54:33
853,88,77366538-9,2020-05-24 00:38:01,2020-05-30 06:17:43
854,82,21630671-6,2020-05-24 05:47:46,2020-06-01 16:57:08
855,202,53325503-5,2020-06-03 00:37:25,2020-06-17 09:05:51
856,191,92253121-8,2020-06-05 15:13:40,2020-06-20 04:13:21
857,200,38830395-6,2020-06-05 19:01:31,2020-06-13 11:31:54
858,31,90471139-k,2020-06-20 06:16:40,2020-06-26 22:35:59
859,36,48979148-k,2020-06-26 04:30:06,2020-07-08 09:40:24
860,138,44604413-3,2020-07-05 17:55:34,2020-07-17 04:25:18
861,172,12348490-8,2020-07-08 07:29:03,2020-07-16 08:25:06
862,100,92394961-5,2020-07-10 12:44:33,2020-07-21 02:08:32
863,42,69020528-9,2020-07-10 14:51:27,2020-07-13 18:04:59
864,202,38628283-8,2020-07-15 08:25:53,2020-07-24 14:54:06
865,13,79459402-3,2020-07-21 17:41:52,2020-07-28 22:58:38
866,74,49798131-k,2020-07-26 18:17:59,2020-08-02 10:14:12
867,12,98544321-1,2020-08-02 02:00:27,2020-08-07 17:42:22
868,22,63974341-1,2020-08-10 16:43:20,2020-08-18 02:03:30
869,85,15451762-6,2020-08-19 10:57:02,2020-08-29 20:12:31
870,144,11439340-1,2020-08-20 09:17:13,2020-08-26 11:25:38
871,147,81602032-8,2020-08-26 02:20:07,2020-09-08 02:51:24
872,203,40978316-3,2020-08-27 15:42:57,2020-09-06 18:04:59
873,5,53609901-8,2020-09-01 00:24:55,2020-09-09 14:26:14
874,210,83386046-1,2020-09-04 10:06:12,2020-09-14 02:23:01
875,167,20209505-4,2020-09-05 12:13:39,2020-09-20 00:13:02
